exposure,outcome,id.exposure,id.outcome,samplesize,SNP,b,se,p,outcome_code,subset
plasma CPN2,非酒精性脂肪肝,CPN2_deCODE,NAFLD,500348,rs1466733,0.105175975441646,0.0501381714508648,0.0359296571408284,NAFLD,全部工具变量
plasma CPN2,非酒精性脂肪肝,CPN2_deCODE,NAFLD,500348,rs34225900,0.102236744105706,0.0502381723489317,0.0418467405001061,NAFLD,全部工具变量
plasma CPN2,非酒精性脂肪肝,CPN2_deCODE,NAFLD,500348,rs3732477,0.012385707741648,0.357425754152314,0.972356811349884,NAFLD,全部工具变量
plasma CPN2,非酒精性脂肪肝,CPN2_deCODE,NAFLD,500348,All,0.102817786068535,0.0499425279794825,0.0395208679040888,NAFLD,全部工具变量
plasma CPN2,非酒精性脂肪肝,CPN2_deCODE,NAFLD,500348,All,0.012385707741648,0.357425754152314,0.972356811349884,NAFLD,剔除 PAV 变异
plasma CPN2,肝硬化,CPN2_deCODE,CIRRHOSIS_BROAD,500348,rs1466733,0.059080178817122,0.0399760433406062,0.139437329678612,CIRRHOSIS_BROAD,全部工具变量
plasma CPN2,肝硬化,CPN2_deCODE,CIRRHOSIS_BROAD,500348,rs34225900,0.060433342880112,0.0400566592488309,0.131376352280795,CIRRHOSIS_BROAD,全部工具变量
plasma CPN2,肝硬化,CPN2_deCODE,CIRRHOSIS_BROAD,500348,rs3732477,0.00043006000085103,0.284805633583253,0.998795184982191,CIRRHOSIS_BROAD,全部工具变量
plasma CPN2,肝硬化,CPN2_deCODE,CIRRHOSIS_BROAD,500348,All,0.0591755407411344,0.039820246774696,0.137261492415267,CIRRHOSIS_BROAD,全部工具变量
plasma CPN2,肝硬化,CPN2_deCODE,CIRRHOSIS_BROAD,500348,All,0.00043006000085103,0.284805633583253,0.998795184982191,CIRRHOSIS_BROAD,剔除 PAV 变异
plasma CPN2,肝细胞癌,CPN2_deCODE,C3_HEPATOCELLU_CARC_EXALLC,379696,rs1466733,-0.0628099360356099,0.143156731422828,0.660843097642513,C3_HEPATOCELLU_CARC_EXALLC,全部工具变量
plasma CPN2,肝细胞癌,CPN2_deCODE,C3_HEPATOCELLU_CARC_EXALLC,379696,rs34225900,-0.0397801223510123,0.0970245159853558,0.681805412276971,C3_HEPATOCELLU_CARC_EXALLC,全部工具变量
plasma CPN2,肝细胞癌,CPN2_deCODE,C3_HEPATOCELLU_CARC_EXALLC,379696,rs3732477,-0.471701947948369,1.10758301718766,0.670192333277882,C3_HEPATOCELLU_CARC_EXALLC,全部工具变量
plasma CPN2,肝细胞癌,CPN2_deCODE,C3_HEPATOCELLU_CARC_EXALLC,379696,All,-0.0554140846010148,0.116935778479877,0.635582079653563,C3_HEPATOCELLU_CARC_EXALLC,全部工具变量
plasma CPN2,肝细胞癌,CPN2_deCODE,C3_HEPATOCELLU_CARC_EXALLC,379696,All,-0.471701947948369,1.10758301718766,0.670192333277882,C3_HEPATOCELLU_CARC_EXALLC,剔除 PAV 变异
