exposure,outcome,id.exposure,id.outcome,samplesize,SNP,b,se,p,gene
liver fat,plasma CPN2,LIVERFAT_Haas2021,CPN2_deCODE,35300,rs2642438,0.0893788190267931,0.0916918391268669,0.32967238633248,MTARC1
liver fat,plasma CPN2,LIVERFAT_Haas2021,CPN2_deCODE,35300,rs1229984,0.0961495190840242,0.0912507029935814,0.292027047756608,ADH1B
liver fat,plasma CPN2,LIVERFAT_Haas2021,CPN2_deCODE,35300,rs112875651,0.0604194640124588,0.0537418935190769,0.260905876737656,TRIB1
liver fat,plasma CPN2,LIVERFAT_Haas2021,CPN2_deCODE,35300,rs2250802,0.0897262384897001,0.0917321885026327,0.328008776117077,GPAM
liver fat,plasma CPN2,LIVERFAT_Haas2021,CPN2_deCODE,35300,rs56252442,0.105848091877863,0.0885802850462124,0.232110622914538,MAST3
liver fat,plasma CPN2,LIVERFAT_Haas2021,CPN2_deCODE,35300,rs58542926,0.0852995924214899,0.112659124167499,0.44896140237219,TM6SF2
liver fat,plasma CPN2,LIVERFAT_Haas2021,CPN2_deCODE,35300,rs429358,0.0731592921887879,0.0938794027115339,0.435808825919043,APOE
liver fat,plasma CPN2,LIVERFAT_Haas2021,CPN2_deCODE,35300,rs738408,0.192889730758947,0.0985992684274341,0.050429845771877,PNPLA3
liver fat,plasma CPN2,LIVERFAT_Haas2021,CPN2_deCODE,35300,All,0.0952098418587931,0.0843587585189283,0.259053868581958,—
